product_id,name,category,price,stock,created_at
1,Public-key mobile strategy,Books,264.65,67,2025-06-20T22:26:22
2,Ameliorated holistic groupware,Electronics,158.6,389,2025-08-02T23:56:09
3,Reduced fault-tolerant utilization,Sports,61.53,135,2025-10-29T08:43:18
4,Self-enabling 4thgeneration policy,Home,376.88,81,2025-05-17T15:06:24
5,Vision-oriented optimal orchestration,Books,140.83,62,2025-02-10T16:27:42
6,Reduced mission-critical concept,Books,374.6,389,2025-06-05T21:48:17
7,Secured zero-defect implementation,Toys,327.92,54,2025-01-10T16:58:28
8,Fully-configurable 5thgeneration orchestration,Toys,425.87,226,2025-08-13T08:56:00
9,Ameliorated leadingedge functionalities,Electronics,61.24,25,2025-04-25T22:55:14
10,Team-oriented demand-driven installation,Electronics,82.52,121,2025-05-28T04:54:07
11,Phased user-facing superstructure,Home,401.78,268,2024-12-08T12:06:32
12,Programmable demand-driven open architecture,Toys,366.17,23,2025-03-20T13:17:11
13,Progressive homogeneous functionalities,Toys,344.61,111,2025-01-20T13:46:56
14,Mandatory needs-based help-desk,Books,240.68,342,2025-08-03T19:09:25
15,Synergized secondary website,Books,400.92,289,2025-08-10T13:45:13
16,Polarized content-based encryption,Beauty,140.78,122,2025-03-02T16:08:00
17,Face-to-face exuding throughput,Beauty,290.38,311,2025-03-06T13:19:08
18,Team-oriented tertiary matrix,Sports,365.26,424,2025-03-17T10:38:21
19,Realigned uniform focus group,Electronics,250.44,398,2025-03-06T01:59:48
20,Synergistic needs-based implementation,Home,67.73,367,2025-10-28T04:41:52
21,Visionary client-server frame,Beauty,207.44,184,2024-11-30T15:41:36
22,Configurable grid-enabled intranet,Sports,152.91,89,2025-07-27T01:42:28
23,Polarized didactic customer loyalty,Home,136.95,500,2025-10-01T20:40:28
24,Realigned tangible flexibility,Sports,280.34,62,2025-01-06T15:04:55
25,User-centric optimizing encoding,Electronics,60.78,204,2025-02-16T11:28:40
26,Progressive directional productivity,Electronics,30.85,193,2025-02-12T17:47:57
27,Open-source full-range structure,Sports,31.12,319,2025-05-16T18:43:43
28,Visionary client-driven ability,Sports,56.87,423,2025-06-16T01:15:46
29,Open-source solution-oriented leverage,Electronics,480.2,383,2025-05-18T17:44:52
30,Versatile executive Graphic Interface,Beauty,338.25,284,2025-03-05T03:52:08
31,Visionary background projection,Electronics,335.7,482,2025-06-25T06:54:57
32,User-centric uniform alliance,Beauty,123.68,50,2025-11-03T23:31:23
33,Operative context-sensitive alliance,Toys,476.22,160,2025-10-05T01:35:02
34,Enterprise-wide value-added frame,Books,208.63,326,2025-10-20T19:26:38
35,Innovative non-volatile portal,Sports,24.1,305,2024-12-25T23:43:12
36,Horizontal logistical project,Home,480.42,370,2025-06-13T07:31:58
37,Devolved motivating Local Area Network,Electronics,273.63,33,2025-02-28T06:37:52
38,Managed cohesive superstructure,Books,103.14,126,2025-05-11T12:59:53
39,Universal contextually-based access,Sports,336.32,50,2025-08-27T09:22:54
40,Re-contextualized systematic system engine,Home,177.37,453,2025-01-28T07:59:56
41,Sharable impactful interface,Electronics,94.78,204,2025-06-02T10:22:08
42,Open-architected static attitude,Sports,172.11,242,2025-01-25T01:53:27
43,Inverse dynamic ability,Books,76.61,437,2025-02-23T14:18:00
44,Organized web-enabled flexibility,Sports,201.3,93,2025-03-22T07:56:08
45,Up-sized object-oriented access,Sports,159.74,191,2025-02-23T21:27:26
46,Team-oriented disintermediate approach,Home,339.46,353,2025-07-31T15:49:22
47,Integrated cohesive initiative,Sports,65.59,369,2025-08-07T18:16:29
48,Visionary fault-tolerant solution,Books,262.9,341,2024-12-29T21:59:57
49,Multi-layered reciprocal definition,Electronics,332.37,321,2025-02-07T10:01:54
50,Polarized coherent knowledgebase,Books,495.17,97,2025-08-31T16:59:56
