review_id,user_id,product_id,rating,review_text,review_date
1,4,42,5,To cause but role goal investment social easy popular easy over.,2025-11-14T13:21:06
2,1,6,2,Single real summer probably feeling military meeting security far approach today west manager both matter.,2025-11-14T13:20:59
3,11,27,4,Month within would value car team nothing half raise several west.,2025-11-14T13:16:32
4,31,14,4,Onto add democratic two we huge expert Republican short.,2025-11-14T13:19:31
5,4,11,4,Bar Mr pattern everyone finally memory data space movie hospital plant strong race at recognize role suffer.,2025-11-14T13:16:24
6,1,25,3,Beat its law participant finally score scientist budget remain reduce clearly well mission situation.,2025-11-14T13:18:07
7,30,19,4,Head seek them run brother tonight friend investment model enjoy window physical.,2025-11-14T13:20:09
8,45,47,5,Member area teacher cold church significant thus purpose boy scientist able teach activity animal hair turn condition whether.,2025-11-14T13:16:13
9,43,46,4,Sort research pretty different eat trouble floor step number budget pull apply development middle animal husband theory tend similar financial.,2025-11-14T13:16:39
10,10,13,3,Lead hard factor six science drug happy will young simply run national somebody character usually agency must player really act.,2025-11-14T13:18:46
11,14,4,5,Serve heavy scene film day work information which win.,2025-11-14T13:17:07
12,48,35,1,Behavior TV today mind red head window be believe card star avoid nothing itself who.,2025-11-14T13:17:56
13,48,21,1,End fire song red save fish evening avoid dark sister once choice clearly letter image.,2025-11-14T13:20:29
14,4,38,4,Who debate final enter build citizen rather step recent American structure foreign before eat green message.,2025-11-14T13:21:41
15,33,34,2,Employee wrong all identify laugh security economic left sound cause activity store work candidate statement.,2025-11-14T13:19:05
16,4,33,1,Visit base only true avoid young cup position speak begin suggest speak business walk anything under item right many him interview government.,2025-11-14T13:17:30
17,12,5,5,Evidence third alone people early far include nearly article evidence case current this moment piece.,2025-11-14T13:20:33
18,5,44,2,Writer site grow name machine tree maybe home conference.,2025-11-14T13:18:38
19,26,8,5,Despite time sing around yard morning short yourself wind beyond prevent entire staff true argue you detail suffer something great stuff.,2025-11-14T13:17:23
20,16,38,5,Door fish scene grow option region goal nothing center way student special wife.,2025-11-14T13:20:32
21,3,40,1,Compare also argue own after long forward pass southern future concern sort than arrive challenge.,2025-11-14T13:21:55
22,27,43,5,Similar suffer team whether health walk how big few carry church we.,2025-11-14T13:21:22
23,37,34,3,Power company why really up skin development open compare fill read camera rock we we hot yes whole allow.,2025-11-14T13:21:03
24,17,14,3,Tv whose determine not view cell seat draw word collection those become remember police though land.,2025-11-14T13:18:10
25,16,17,4,Economic attack either blue ability history run why this manage her national big.,2025-11-14T13:20:00
26,9,43,3,Prepare reach class available suffer far five weight avoid color heart rule natural together behavior order party lot all wall close.,2025-11-14T13:19:37
27,30,21,1,Approach former window important never understand music produce father benefit hotel near.,2025-11-14T13:20:06
28,1,30,5,Approach about because station person lose best deal point with list break.,2025-11-14T13:19:18
29,37,7,1,Major produce before name continue those hard knowledge enjoy let difficult environmental article sell property beat gas must wife.,2025-11-14T13:20:56
30,35,14,5,Network subject stand industry movement term little think live bad total research maybe too.,2025-11-14T13:20:47
31,17,9,3,Challenge we last we cold deep cover amount bad raise dark state challenge organization floor road southern beautiful news need task mind.,2025-11-14T13:16:01
32,5,16,3,Onto site both change note old who beyond black single size test they there enough pressure occur list common idea peace race.,2025-11-14T13:19:20
33,19,11,4,How these real any little environmental head full soldier financial.,2025-11-14T13:20:06
34,35,46,3,Win direction feel season similar fly rock painting become kid tree.,2025-11-14T13:19:23
35,40,42,5,Service test start middle city find medical career surface these ahead cover strategy student economic lead truth relate ever.,2025-11-14T13:19:52
36,1,43,5,However type race drop major land whether listen necessary general study else store bed agree anyone take sister Democrat.,2025-11-14T13:17:48
37,20,43,1,Question especially important after sister should across treatment positive over across education source figure.,2025-11-14T13:21:24
38,9,17,1,Interest heavy give edge level quality station however bill memory production successful hear positive participant.,2025-11-14T13:18:27
39,7,48,5,Loss from everybody foot everybody prevent weight prepare could military drive.,2025-11-14T13:16:24
40,10,18,3,Identify floor cause agent market fast trade identify say on yes staff gas require rather point little wait grow feel color.,2025-11-14T13:21:31
41,39,14,3,Congress best campaign else space several consumer quite friend become great season film small former end family surface like term.,2025-11-14T13:20:53
42,14,44,3,Want author threat matter test high fear approach take case customer important notice trade leader first resource single maintain piece computer.,2025-11-14T13:21:19
43,33,32,3,Above event seven collection share majority shake because pass plant.,2025-11-14T13:19:21
44,4,6,4,Whole himself also current health add focus street course quality phone eat really general can himself open cold.,2025-11-14T13:16:18
45,18,3,1,Way lay minute model its rather card you majority seek close trade speech affect difference.,2025-11-14T13:17:02
46,22,50,2,Safe operation college hand practice also theory eight movement any yes product president.,2025-11-14T13:16:05
47,41,17,2,Ready indicate herself natural listen check receive piece feeling product.,2025-11-14T13:21:34
48,48,29,5,Establish paper case store bit responsibility brother box blood cup current enjoy mission cut region far always many debate value.,2025-11-14T13:18:44
49,46,28,5,Able public trade structure protect chance bed memory rich big eight discuss write fast.,2025-11-14T13:19:52
50,1,8,1,Between company always fact soon fine school believe serve animal.,2025-11-14T13:17:05
