user_id,first_name,last_name,email,phone,address,city,country,created_at
1,Danielle,Johnson,john21@example.net,001-581-896-0013x3890,"26542 Susan Junction Apt. 161, Melanieview, AS 06196",Herrerafurt,Belgium,2025-01-16T20:37:42
2,Kelly,Fuller,barbara10@example.net,441.731.6475,"192 Frank Light Suite 835, East Lydiamouth, MO 35594",East Robinshire,Turkey,2025-05-25T16:44:14
3,Leonard,Rios,pwilkerson@example.com,(842)738-8496,"710 Eric Estate, Carlsonfurt, MS 78605",Riceside,Tokelau,2023-11-23T23:52:01
4,Erin,Wilson,kayla51@example.com,(727)404-8281x48932,"570 Sarah Wells, Johnbury, FM 74865",North Jessicaland,Senegal,2025-01-01T20:12:28
5,Katie,Anderson,karroyo@example.com,596.338.3465x78713,"301 Jeremy Bypass, Chadbury, KY 88185",Lewisberg,Saint Kitts and Nevis,2025-11-10T17:05:40
6,Nicole,Johnston,kristenaguirre@example.org,216-856-6701,"33872 White Mountain, Port Sandra, NV 72633",North Deniseside,Taiwan,2023-11-26T12:57:05
7,Tanya,House,gabrieltucker@example.org,(502)660-6474x6872,"805 Brendan Neck, North Susan, CO 24857",New Carlosbury,Iraq,2024-02-16T04:41:37
8,Shelly,Hudson,harveyrobert@example.net,001-485-643-5346,"79911 William Curve, Nicolebury, MN 37854",South Martha,Romania,2024-07-07T01:10:24
9,Cheryl,Archer,contrerasangela@example.net,524-711-8244,"740 Cynthia Village Suite 005, Lake Tina, GA 97655",Arnoldchester,Monaco,2023-11-22T14:06:05
10,Daniel,Landry,amydavenport@example.net,+1-526-520-4505,"692 Michelle Union Apt. 602, Kimberlychester, AS 88307",West Erik,Reunion,2024-02-07T00:53:37
11,Patrick,Williams,dwalker@example.com,733-203-6541x4586,"94019 Reed Turnpike Suite 698, South Rachelborough, KS 06318",Smithside,Poland,2025-05-26T20:59:32
12,Shelby,Mclaughlin,michaeljones@example.net,895-814-8465x64823,"946 Kevin Fords, Floydmouth, NH 58406",Lowehaven,Lebanon,2025-07-23T14:08:43
13,Rachel,Flynn,donnacampbell@example.net,+1-395-913-4332x0037,"676 Dylan Spurs, Port Michelleville, WI 56225",East Linda,Qatar,2024-12-21T09:16:39
14,Steven,Grant,bryantlaurie@example.net,589.657.9868x72774,"347 Jennifer Freeway Suite 558, East Edwardfurt, UT 20529",North Robert,Greenland,2025-01-09T12:51:00
15,Steven,Brown,xprice@example.net,001-509-967-0546x688,"0656 Mary Crossroad Apt. 699, North Dawnberg, VI 61016",North Jorge,Greece,2024-04-27T11:28:44
16,Shawn,Rogers,aramirez@example.com,270-580-5310,"232 Caldwell Port, South Holly, WI 48852",New Catherine,San Marino,2025-05-26T00:59:40
17,Danny,Weiss,daniel04@example.net,+1-866-731-9314x91905,"67165 Zimmerman Mews Apt. 849, Marshallshire, KY 42746",Port Sarah,Fiji,2025-09-29T20:38:30
18,Shannon,Christensen,frogers@example.com,(273)554-5494,"8377 Mcguire Course Suite 363, Elizabethstad, NJ 73045",Ronaldside,Greenland,2024-08-14T08:04:07
19,Jacqueline,Nelson,jerry35@example.org,001-682-533-7498x9413,"82400 Terry Crossroad Suite 109, Taylormouth, MA 24665",West Shelleyfort,Brazil,2025-08-14T15:11:30
20,Cameron,Vasquez,hernandezlisa@example.com,831-986-9993,"PSC 4964, Box 9909, APO AP 13507",Lake Jason,Panama,2024-01-17T03:17:21
21,Eric,Thompson,moorericky@example.net,+1-574-803-4471x349,"242 Brian Turnpike, Brookeshire, PW 38329",Martinezport,Reunion,2024-09-22T17:08:52
22,Sherri,Mason,mkim@example.org,(959)940-1399x04902,"PSC 2967, Box 1756, APO AA 42582",Port Eugenechester,Puerto Rico,2024-12-03T22:03:26
23,Keith,Landry,gibsonleonard@example.com,768-908-7603,"48247 Martinez Roads, Lake Eric, OH 02293",Davisville,Kyrgyz Republic,2024-02-14T07:34:22
24,Deborah,Moore,william46@example.com,737.682.6398x2146,"499 Grimes Mission Suite 558, Gibsonmouth, VI 25228",New Patrick,Togo,2025-07-09T11:02:31
25,Robert,Flores,zthornton@example.com,(227)402-8951x7187,"74596 Melissa Walk, Finleyfort, VI 71413",New Caseyport,Denmark,2025-06-17T02:34:45
26,Christopher,Good,wallaceheather@example.org,8504455623,"693 Durham Divide, South Dana, NH 33967",Port Stevenport,Philippines,2025-01-12T15:10:23
27,Eric,Alexander,vanessa46@example.net,674-636-7136x959,"0909 Wall Heights Apt. 953, New John, WV 94994",Lake Colton,Niue,2025-03-31T02:30:27
28,Benjamin,Kramer,rileyjessica@example.org,956-623-2858x8424,"71236 Davis Locks Apt. 481, Richardsonview, OR 50442",Danielbury,Latvia,2023-12-04T12:20:18
29,Christine,Hahn,rose31@example.net,446.812.0047x113,"261 Gilbert Harbors Apt. 537, Sampsonstad, CT 90374",Amystad,Bahamas,2024-09-19T07:42:22
30,Joshua,Donaldson,ndavis@example.net,+1-590-505-3293x1839,"042 Amber Union, North Donna, AK 17776",West Kristybury,Namibia,2024-07-23T13:22:58
31,Alfred,Baker,judyfox@example.net,577-258-9178,"0076 Parks Overpass Suite 115, North David, RI 83479",Oscarhaven,French Polynesia,2024-11-01T11:42:49
32,William,Jordan,farrelldebra@example.net,001-736-673-6576x6156,"711 Christopher Court, Lisaside, AR 77370",Elizabethchester,Guinea,2025-09-23T15:04:01
33,Elizabeth,Christensen,schmittcaroline@example.com,798-332-7315,"8998 Chelsea Shoals, Anthonyview, UT 41000",Michaelburgh,Trinidad and Tobago,2024-03-05T08:14:47
34,Ashley,Morales,joycebonilla@example.org,001-383-266-7525x4599,"147 Tucker Mills, Nelsonhaven, DE 45743",Rodriguezshire,Libyan Arab Jamahiriya,2024-12-28T08:36:32
35,Elizabeth,Williams,djoyce@example.org,943.824.4510,"388 Jones Wall Apt. 607, Port Lawrencechester, OK 53509",Robertsfurt,Angola,2024-07-24T07:57:46
36,George,Meza,xcollier@example.org,(313)369-6816x45352,"5231 Jonathan Extensions, Port Katherine, CA 23719",Marshallshire,Senegal,2025-02-07T03:54:48
37,Shane,Glass,michelle52@example.com,377-644-9058,"54119 Ford Plaza, South Reginashire, SD 25173",Cassidyhaven,Canada,2024-01-02T03:15:16
38,Shannon,Shepherd,toni18@example.net,(703)777-8892,"PSC 6659, Box 0515, APO AE 73634",Mitchellberg,Grenada,2024-01-17T09:09:08
39,Brandi,Thomas,kyle62@example.net,001-214-786-5281x685,"7332 Chris Vista, New Kellihaven, AZ 87261",Nancyberg,Nepal,2024-09-02T16:24:45
40,Eric,White,jenniferwilliams@example.com,+1-937-994-7383x47359,"862 Laurie Dam Suite 075, Lake Meghanville, LA 11494",West Shannon,Malaysia,2024-03-08T12:37:23
41,Mariah,Davis,lisawilkerson@example.org,(406)485-3615x30515,"277 Rebecca Brook Suite 328, Rodriguezport, IA 39973",North Johnmouth,Bahrain,2024-02-09T04:23:10
42,Mary,Porter,chenbailey@example.net,(446)309-5396,"88888 Peter Mountains Apt. 654, West Kristinastad, IA 96569",Port Bonniemouth,Burkina Faso,2023-12-19T12:19:20
43,Michael,Morgan,mariacohen@example.net,822.917.0430x3054,"5054 Lauren Mews, Paulfurt, MA 24987",Holtstad,Uzbekistan,2025-07-26T08:25:28
44,April,Owen,mmiller@example.org,+1-845-411-5447,"0596 Fowler Turnpike Apt. 165, North Douglas, PA 89379",Johnsonland,Dominica,2025-07-11T18:25:25
45,Deanna,Cox,jacobserika@example.com,(271)492-8565x431,"144 Lewis Ridge Suite 731, Port Charles, HI 94003",Osbornmouth,Papua New Guinea,2024-08-10T22:19:19
46,Jenna,Pierce,patricia22@example.com,431.332.3705x89578,"786 Morrow Cliffs Apt. 517, Frazierstad, DC 72761",Port Tammy,Jersey,2024-12-09T15:54:20
47,Renee,Brown,holmeskevin@example.org,335-484-1438x42498,"99590 Christopher Row, Debrashire, MT 81517",South Pamelaside,French Guiana,2025-03-27T15:51:51
48,Sue,Webb,eevans@example.net,4277677359,"562 Robertson Coves Suite 371, Shannonberg, CT 07133",Soniachester,Egypt,2025-09-17T04:20:46
49,Rachel,Li,james27@example.net,774.270.1687x339,"748 Melanie Meadows Apt. 456, Brandonton, OK 74139",West Angela,Barbados,2024-09-10T03:54:33
50,William,Duran,marcia99@example.org,(816)255-8523,"578 Hernandez Passage, West Sarah, MD 21800",Ewingport,Nauru,2024-08-02T08:18:03
